{
  "schema_version": "1.0",
  "runs": 5,
  "warmups": 2,
  "workers": 20,
  "input_file": "measurements.txt",
  "timings_ms": [
    1557,
    1595,
    1526,
    1624,
    1492
  ],
  "best_ms": 1492,
  "median_ms": 1557,
  "p90_ms": 1595,
  "time_to_beat_ms": 1535.0,
  "delta_best_ms": -43.0,
  "delta_median_ms": 22.0,
  "delta_p90_ms": 60.0,
  "delta_best_percent": -2.801302931596091,
  "delta_median_percent": 1.4332247557003257,
  "delta_p90_percent": 3.908794788273615,
  "file_size_bytes": 13795285667,
  "station_count": 413,
  "deterministic_output_sha256": "426c10e8e7e8ed0fe6ba15645cbeb76b86e42612e4a529a0d5ea66618664dc9c",
  "host": {
    "platform": "Linux-6.18.12-200.fc43.x86_64-x86_64-with-glibc2.42",
    "processor": "",
    "python": "3.14.2"
  }
}
