{
  "schema_version": "1.0",
  "runs": 5,
  "warmups": 2,
  "workers": 20,
  "input_file": "measurements.txt",
  "timings_ms": [
    1759,
    1663,
    1728,
    1709,
    1693
  ],
  "best_ms": 1663,
  "median_ms": 1709,
  "p90_ms": 1728,
  "time_to_beat_ms": 1535.0,
  "delta_best_ms": 128.0,
  "delta_median_ms": 174.0,
  "delta_p90_ms": 193.0,
  "delta_best_percent": 8.338762214983714,
  "delta_median_percent": 11.335504885993487,
  "delta_p90_percent": 12.57328990228013,
  "file_size_bytes": 13795285667,
  "station_count": 413,
  "deterministic_output_sha256": "426c10e8e7e8ed0fe6ba15645cbeb76b86e42612e4a529a0d5ea66618664dc9c",
  "host": {
    "platform": "Linux-6.18.12-200.fc43.x86_64-x86_64-with-glibc2.42",
    "processor": "",
    "python": "3.14.2"
  }
}
