{
  "schema_version": "1.0",
  "runs": 5,
  "warmups": 2,
  "workers": 20,
  "input_file": "measurements.txt",
  "timings_ms": [
    2326,
    2361,
    2390,
    2462,
    2484
  ],
  "best_ms": 2326,
  "median_ms": 2390,
  "p90_ms": 2462,
  "time_to_beat_ms": 1535.0,
  "delta_best_ms": 791.0,
  "delta_median_ms": 855.0,
  "delta_p90_ms": 927.0,
  "delta_best_percent": 51.53094462540717,
  "delta_median_percent": 55.700325732899024,
  "delta_p90_percent": 60.390879478827365,
  "file_size_bytes": 13795285667,
  "station_count": 413,
  "deterministic_output_sha256": "426c10e8e7e8ed0fe6ba15645cbeb76b86e42612e4a529a0d5ea66618664dc9c",
  "host": {
    "platform": "Linux-6.18.12-200.fc43.x86_64-x86_64-with-glibc2.42",
    "processor": "",
    "python": "3.14.2"
  }
}
