{
  "schema_version": "1.0",
  "runs": 5,
  "warmups": 2,
  "workers": 20,
  "input_file": "measurements.txt",
  "timings_ms": [
    1439,
    1436,
    1551,
    1577,
    1540
  ],
  "best_ms": 1436,
  "median_ms": 1540,
  "p90_ms": 1551,
  "time_to_beat_ms": 1535.0,
  "delta_best_ms": -99.0,
  "delta_median_ms": 5.0,
  "delta_p90_ms": 16.0,
  "delta_best_percent": -6.449511400651466,
  "delta_median_percent": 0.32573289902280134,
  "delta_p90_percent": 1.0423452768729642,
  "file_size_bytes": 13795285667,
  "station_count": 413,
  "deterministic_output_sha256": "426c10e8e7e8ed0fe6ba15645cbeb76b86e42612e4a529a0d5ea66618664dc9c",
  "host": {
    "platform": "Linux-6.18.12-200.fc43.x86_64-x86_64-with-glibc2.42",
    "processor": "",
    "python": "3.14.2"
  }
}
