{
  "schema_version": "1.0",
  "runs": 5,
  "warmups": 2,
  "workers": 20,
  "input_file": "measurements.txt",
  "timings_ms": [
    1871,
    1731,
    1699,
    1868,
    1780
  ],
  "best_ms": 1699,
  "median_ms": 1780,
  "p90_ms": 1868,
  "time_to_beat_ms": 1535.0,
  "delta_best_ms": 164.0,
  "delta_median_ms": 245.0,
  "delta_p90_ms": 333.0,
  "delta_best_percent": 10.684039087947884,
  "delta_median_percent": 15.960912052117262,
  "delta_p90_percent": 21.693811074918568,
  "file_size_bytes": 13795285667,
  "station_count": 413,
  "deterministic_output_sha256": "426c10e8e7e8ed0fe6ba15645cbeb76b86e42612e4a529a0d5ea66618664dc9c",
  "host": {
    "platform": "Linux-6.18.12-200.fc43.x86_64-x86_64-with-glibc2.42",
    "processor": "",
    "python": "3.14.2"
  }
}
